{ 
  "iPhone SE (1st Gen)": ["Silver", "Space Gray", "Gold", "Rose Gold"],
  "iPhone SE (2nd Gen)": ["White", "Black", "Product(RED)"],
  "iPhone SE (3rd Gen)": ["Midnight", "Starlight", "Product(RED)"],

  "iPhone 6": ["Silver", "Gold", "Space Gray"],
  "iPhone 6 Plus": ["Silver", "Gold", "Space Gray"],
  "iPhone 6s": ["Silver", "Gold", "Space Gray", "Rose Gold"],
  "iPhone 6s Plus": ["Silver", "Gold", "Space Gray", "Rose Gold"],

  "iPhone 7": ["Jet Black", "Black", "Silver", "Gold", "Rose Gold", "Product(RED)"],
  "iPhone 7 Plus": ["Jet Black", "Black", "Silver", "Gold", "Rose Gold", "Product(RED)"],

  "iPhone 8": ["Silver", "Gold", "Space Gray", "Product(RED)"],
  "iPhone 8 Plus": ["Silver", "Gold", "Space Gray", "Product(RED)"],

  "iPhone X": ["Silver", "Space Gray"],
  "iPhone XR": ["White", "Black", "Blue", "Yellow", "Coral", "Product(RED)"],
  "iPhone XS": ["Silver", "Space Gray", "Gold"],
  "iPhone XS Max": ["Silver", "Space Gray", "Gold"],

  "iPhone 11": ["Purple", "Yellow", "Green", "Black", "White", "Product(RED)"],
  "iPhone 11 Pro": ["Midnight Green", "Space Gray", "Silver", "Gold"],
  "iPhone 11 Pro Max": ["Midnight Green", "Space Gray", "Silver", "Gold"],

  "iPhone 12": ["Black", "White", "Blue", "Green", "Product(RED)", "Purple"],
  "iPhone 12 mini": ["Black", "White", "Blue", "Green", "Product(RED)", "Purple"],
  "iPhone 12 Pro": ["Silver", "Graphite", "Gold", "Pacific Blue"],
  "iPhone 12 Pro Max": ["Silver", "Graphite", "Gold", "Pacific Blue"],

  "iPhone 13": ["Pink", "Blue", "Midnight", "Starlight", "Product(RED)", "Green"],
  "iPhone 13 mini": ["Pink", "Blue", "Midnight", "Starlight", "Product(RED)", "Green"],
  "iPhone 13 Pro": ["Sierra Blue", "Silver", "Gold", "Graphite", "Alpine Green"],
  "iPhone 13 Pro Max": ["Sierra Blue", "Silver", "Gold", "Graphite", "Alpine Green"],

  "iPhone 14": ["Blue", "Purple", "Midnight", "Starlight", "Product(RED)"],
  "iPhone 14 Plus": ["Blue", "Purple", "Midnight", "Starlight", "Product(RED)"],
  "iPhone 14 Pro": ["Deep Purple", "Gold", "Silver", "Space Black"],
  "iPhone 14 Pro Max": ["Deep Purple", "Gold", "Silver", "Space Black"],

  "iPhone 15": ["Pink", "Yellow", "Green", "Blue", "Black"],
  "iPhone 15 Plus": ["Pink", "Yellow", "Green", "Blue", "Black"],
  "iPhone 15 Pro": ["Natural Titanium", "Blue Titanium", "White Titanium", "Black Titanium"],
  "iPhone 15 Pro Max": ["Natural Titanium", "Blue Titanium", "White Titanium", "Black Titanium"],

  "iPhone 16": ["Midnight", "Starlight", "Pink", "Blue", "Green"],
  "iPhone 16 Plus": ["Midnight", "Starlight", "Pink", "Blue", "Green"],
  "iPhone 16 Pro": ["Natural Titanium", "Blue Titanium", "Silver Titanium", "Black Titanium"],
  "iPhone 16 Pro Max": ["Natural Titanium", "Blue Titanium", "Silver Titanium", "Black Titanium"],






"iPad (1st Gen)": ["Silver"],
  "iPad (2nd Gen)": ["Silver"],
  "iPad (3rd Gen)": ["Silver"],
  "iPad (4th Gen)": ["Silver"],
  "iPad (5th Gen)": ["Silver", "Space Gray", "Gold"],
  "iPad (6th Gen)": ["Silver", "Space Gray", "Gold"],
  "iPad (7th Gen)": ["Silver", "Space Gray", "Gold"],
  "iPad (8th Gen)": ["Silver", "Space Gray", "Gold"],
  "iPad (9th Gen)": ["Silver", "Space Gray"],
  "iPad (10th Gen)": ["Blue", "Pink", "Silver", "Yellow"],
  
  "iPad mini (1st Gen)": ["Silver"],
  "iPad mini (2nd Gen)": ["Silver", "Space Gray"],
  "iPad mini (3rd Gen)": ["Silver", "Space Gray", "Gold"],
  "iPad mini (4th Gen)": ["Silver", "Space Gray", "Gold"],
  "iPad mini (5th Gen)": ["Silver", "Space Gray", "Gold"],
  "iPad mini (6th Gen)": ["Space Gray", "Pink", "Purple", "Starlight"],
  
  "iPad Air (1st Gen)": ["Silver", "Space Gray"],
  "iPad Air (2nd Gen)": ["Silver", "Space Gray", "Gold"],
  "iPad Air (3rd Gen)": ["Silver", "Space Gray", "Gold"],
  "iPad Air (4th Gen)": ["Silver", "Space Gray", "Green", "Sky Blue", "Rose Gold"],
  "iPad Air (5th Gen)": ["Silver", "Space Gray", "Starlight", "Purple", "Blue"],

  "iPad Pro 9.7\"": ["Silver", "Space Gray", "Gold", "Rose Gold"],
  "iPad Pro 10.5\"": ["Silver", "Space Gray", "Gold", "Rose Gold"],
  
  "iPad Pro 11\" (1st Gen)": ["Silver", "Space Gray"],
  "iPad Pro 11\" (2nd Gen)": ["Silver", "Space Gray"],
  "iPad Pro 11\" (3rd Gen)": ["Silver", "Space Gray"],
  "iPad Pro 11\" (4th Gen)": ["Silver", "Space Gray"],
  "iPad Pro 11\" (M4, 2024)": ["Silver", "Space Black"],

  "iPad Pro 12.9\" (1st Gen)": ["Silver", "Space Gray"],
  "iPad Pro 12.9\" (2nd Gen)": ["Silver", "Space Gray"],
  "iPad Pro 12.9\" (3rd Gen)": ["Silver", "Space Gray"],
  "iPad Pro 12.9\" (4th Gen)": ["Silver", "Space Gray"],
  "iPad Pro 12.9\" (5th Gen)": ["Silver", "Space Gray"],
  "iPad Pro 12.9\" (6th Gen)": ["Silver", "Space Gray"],

  "iPad Pro 13\" (M4, 2024)": ["Silver", "Space Black"],




  "Apple Watch Series 1": ["Silver", "Space Gray", "Rose Gold", "Gold"],
  "Apple Watch Series 2": ["Silver", "Space Gray", "Gold", "Rose Gold", "Stainless Steel", "Space Black"],
  "Apple Watch Series 3": ["Silver", "Space Gray", "Gold", "Stainless Steel", "Space Black", "Ceramic White", "Ceramic Gray"],
  "Apple Watch Series 4": ["Silver", "Space Gray", "Gold", "Stainless Steel", "Space Black", "Gold Stainless Steel"],
  "Apple Watch Series 5": ["Silver", "Space Gray", "Gold", "Stainless Steel", "Space Black", "Titanium", "Space Black Titanium", "Ceramic White"],
  "Apple Watch Series 6": ["Silver", "Space Gray", "Gold", "Blue", "Product(RED)", "Stainless Steel", "Graphite", "Gold Stainless Steel"],
  "Apple Watch SE (1st Gen)": ["Silver", "Space Gray", "Gold"],
  "Apple Watch Series 7": ["Midnight", "Starlight", "Green", "Blue", "Product(RED)", "Stainless Steel", "Graphite", "Gold", "Silver Titanium", "Space Black Titanium"],
  "Apple Watch Series 8": ["Midnight", "Starlight", "Silver", "Product(RED)", "Stainless Steel", "Graphite", "Gold"],
  "Apple Watch Series 9": ["Midnight", "Starlight", "Silver", "Product(RED)", "Pink"],
  "Apple Watch SE (2nd Gen)": ["Midnight", "Starlight", "Silver"],
  "Apple Watch Ultra": ["Natural Titanium"],
  "Apple Watch Ultra 2": ["Natural Titanium"],






  "MacBook Air (M1)": ["Silver", "Space Gray", "Gold"],
  "MacBook Air (M2)": ["Silver", "Space Gray", "Midnight", "Starlight"],
  "MacBook Pro 13\"": ["Silver", "Space Gray"],
  "MacBook Pro 14\"": ["Silver", "Space Gray"],
  "MacBook Pro 16\"": ["Silver", "Space Gray"],
  "MacBook (2015-2019)": ["Silver", "Space Gray", "Gold", "Rose Gold"]
}
