{
  "iPhone": [
    "iPhone SE (1st Gen)",
    "iPhone SE (2nd Gen)",
    "iPhone SE (3rd Gen)",
    "iPhone 5",
    "iPhone 5 S",
    "iPhone 6",
    "iPhone 6 Plus",
    "iPhone 6s",
    "iPhone 6s Plus",
    "iPhone 7",
    "iPhone 7 Plus",
    "iPhone 8",
    "iPhone 8 Plus",
    "iPhone X",
    "iPhone XR",
    "iPhone XS",
    "iPhone XS Max",
    "iPhone 11",
    "iPhone 11 Pro",
    "iPhone 11 Pro Max",
    "iPhone 12",
    "iPhone 12 Mini",
    "iPhone 12 Pro",
    "iPhone 12 Pro Max",
    "iPhone 13",
    "iPhone 13 Mini",
    "iPhone 13 Pro",
    "iPhone 13 Pro Max",
    "iPhone 14",
    "iPhone 14 Plus",
    "iPhone 14 Pro",
    "iPhone 14 Pro Max",
    "iPhone 15",
    "iPhone 15 Plus",
    "iPhone 15 Pro",
    "iPhone 15 Pro Max",
    "iPhone 16",
    "iPhone 16 E",
    "iPhone 16 Plus",
    "iPhone 16 Pro",
    "iPhone 16 Pro Max",
    "iPhone 17",
    "iPhone 17 Pro",
    "iPhone 17 Pro Max",
    "iPhone Air"
  ],
  "MacBook": [
    "A1932 MacBook Air 13",
    "A2179 MacBook Air 13",
    "A2337 MacBook Air 13",
    "A2348 MacBook Air 15",
    "A2681 MacBook Air 13",
    "A2941 MacBook Air 15",
    "A3086 MacBook Air 13",
    "A3113 MacBook Air 13",
    "A3114 MacBook Air 15",
    "A3240 MacBook Air 13",
    "A3241 MacBook Air 15",
    "A1465 MacBook Air 11",
    "A1466 MacBook Air 13",
    "A1398 MacBook Pro 15",
    "A1502 MacBook Pro 13",
    "A1706 MacBook Pro 13",
    "A1707 MacBook Pro 15",
    "A1708 MacBook Pro 13",
    "A1989 MacBook Pro 13",
    "A2141 MacBook Pro 16",
    "A2159 MacBook Pro 13",
    "A2251 MacBook Pro 13",
    "A2289 MacBook Pro 13",
    "A2338 MacBook Pro 13",
    "A2442 MacBook Pro 14",
    "A2485 MacBook Pro 16",
    "A2779 MacBook Pro 14",
    "A2780 MacBook Pro 16",
    "A1990 MacBook Pro 15",
    "A2992 MacBook Pro 14",
    "A2918 MacBook Pro 14",
    "A2991 MacBook Pro 16"
  ],
  "iMac": [
   "iMac G3 (1998)",
      "iMac G3 (1999)",
      "iMac G3 (2000)",
      "iMac G3 (2001)",
      "iMac G3 (2002)",
      "iMac G4 (2002)",
      "iMac G4 (2003)",
      "iMac G4 (2004)",
        "iMac G5 (2004)",
      "iMac G5 (2005)",
      "iMac 21.5\" (2006)",
        "iMac 21.5\" (2007)",
        "iMac 21.5\" (2008)",
        "iMac 21.5\" (2009)",
        "iMac 21.5\" (2010)",
        "iMac 21.5\" (2011)",
        "iMac 21.5\" (2012)",
        "iMac 21.5\" (2013)",
        "iMac 21.5\" (2014)",
        "iMac 21.5\" (2015)",
        "iMac 21.5\" (2017)",
        "iMac 21.5\" (2019)",
        "iMac 27\" (2007)",
        "iMac 27\" (2009)",
        "iMac 27\" (2010)",
        "iMac 27\" (2011)",
        "iMac 27\" (2012)",
        "iMac 27\" (2013)",
        "iMac 27\" (2014)",
        "iMac 27\" (2015)",
        "iMac 27\" (2017)", 
        "iMac 27\" (2019)",
        "iMac 27\" (2020)",
         "iMac 24\" M1 (2021)",
      "iMac Pro (2017)",
      "iMac Pro (2019)",
      "iMac Mini (Intel 2005–2020)",
        "iMac Mini (M1 2020–Present)",
      "iMac Studio (2022–Present)"
  ],
  "iPad": [
"iPad Mini A1432",
"iPad Mini A1454",
"iPad Mini A1455",
"iPad Mini A1489",
"iPad Mini A1490",
"iPad Mini A1491",
"iPad Mini A1599",
"iPad Mini A1600",
"iPad Mini A1538",
"iPad Mini A1550",
"iPad Mini A2133",
"iPad Mini A2124",
"iPad Mini A2126",
"iPad Mini A2125",
"iPad Mini A2567",
"iPad Mini A2568",
"iPad Mini A2569",

"iPad A1219",
"iPad A1337",
"iPad A1395",
"iPad A1396",
"iPad A1397",
"iPad A1416",
"iPad A1430",
"iPad A1403",
"iPad A1458",
"iPad A1459",
"iPad A1460",
"iPad A1822",
"iPad A1823",
"iPad A1893",
"iPad A1854",
"iPad A2197",
"iPad A2200",
"iPad A2198",
"iPad A2270",
"iPad A2428",
"iPad A2429",
"iPad A2430",
"iPad A2602",
"iPad A2604",
"iPad A2603",
"iPad A2605",
"iPad A2696",
"iPad A2757",
"iPad A2777",

"iPad Air A1474",
"iPad Air A1475",
"iPad Air A1476",
"iPad Air A1566",
"iPad Air A1567",
"iPad Air A2152",
"iPad Air A2123",
"iPad Air A2153",
"iPad Air A2154",
"iPad Air A2316",
"iPad Air A2324",
"iPad Air A2325",
"iPad Air A2072",
"iPad Air A2902",
"iPad Air A2903",
"iPad Air A2904",
"iPad Air A2898",
"iPad Air A2899",
"iPad Air A2900",
"iPad Air A2588",
"iPad Air A2589",
"iPad Air A2591",

"iPad Pro A1980",
"iPad Pro A2013",
"iPad Pro A1934",
"iPad Pro A1979",
"iPad Pro A2228",
"iPad Pro A2068",
"iPad Pro A2230",
"iPad Pro A2231",
"iPad Pro A2377",
"iPad Pro A2459",
"iPad Pro A2301",
"iPad Pro A2460",
"iPad Pro A2759",
"iPad Pro A2435",
"iPad Pro A2761",
"iPad Pro A2762",
"iPad Pro A1584",
"iPad Pro A1652",
"iPad Pro A1670",
"iPad Pro A1671",
"iPad Pro A1821",
"iPad Pro A1876",
"iPad Pro A2014",
"iPad Pro A1895",
"iPad Pro A1983",
"iPad Pro A2229",
"iPad Pro A2069",
"iPad Pro A2232",
"iPad Pro A2233",
"iPad Pro A2378",
"iPad Pro A2461",
"iPad Pro A2379",
"iPad Pro A2462",
"iPad Pro A2436",
"iPad Pro A2764",
"iPad Pro A2437",
"iPad Pro A2766",
"iPad Pro A2836",
"iPad Pro A2837",
"iPad Pro A3006",
"iPad Pro A2925",
"iPad Pro A2926",
"iPad Pro A3007",
"iPad Pro A1701",
"iPad Pro A1709",
"iPad Pro A1852",
"iPad Pro A1673",
"iPad Pro A1674",
"iPad Pro A1675"

  ],

    "MacPro": [
    "A1991 Mac Pro ",
    "A2304 Mac Pro ",
    "A2786 Mac Pro ",
    "A2787 Mac Pro ",
    "A1289 Mac Pro ",
    "A1186 Mac Pro ",
    "A1481 Mac Pro "
  ],
  "Apple Cinema Display": [
  "Apple Cinema Display 20-inch",
  "Apple Cinema Display 22-inch",
  "Apple Cinema Display 23-inch HD",
  "Apple Cinema Display 24-inch",
  "Apple Cinema Display 27-inch LED"
],
  "AirPods": [
    "AirPods (1st generation)",
    "AirPods (2nd generation)",
    "AirPods (3rd generation)",
    "AirPods (4th generation)",
    "AirPods Pro (1st generation)",
    "AirPods Pro (2nd generation)",
    "AirPods Pro (2nd generation, USB-C)",
    "AirPods Max"

  ],
  "iWatch": [
    "Apple Watch Series 1",
    "Apple Watch Series 2",
    "Apple Watch Series 3",
    "Apple Watch Series 4",
    "Apple Watch Series 5",
    "Apple Watch Series 6",
    "Apple Watch SE (1st Gen)",
    "Apple Watch Series 7",
    "Apple Watch Series 8",
    "Apple Watch Series 9",
    "Apple Watch SE (2nd Gen)",
    "Apple Watch Ultra",
    "Apple Watch Ultra 2"
  ],
  "Other - Apple Devices": [
    "HomePod",
    "HomePod mini",
    "Apple TV HD",
    "Apple TV 4K",
    "Magic Keyboard",
    "Magic Mouse",
    "Magic Trackpad",
    "Apple Pencil (1st Gen)",
    "Apple Pencil (2nd Gen)",
    "Apple Pencil Pro",
    "AirTag",
    "Beats Solo Pro",
    "Beats Studio Buds",
    "Beats Fit Pro",
    "Beats Flex"
  ],
  "Other Brand - Laptop": [
  "HP Laptop",
  "Dell Laptop",
  "Acer Laptop",
  "Lenovo Laptop",
  "Asus Laptop",
  "Samsung Laptop",
  "MSI Laptop",
  "Razer Laptop",
  "Microsoft Surface Laptop",
  "Toshiba Laptop",
  "Fujitsu Laptop",
  "LG Laptop",
  "Huawei Laptop",
  "Google Pixelbook",
  "Panasonic Toughbook"
],
  "Other Brand - Phone": [
  "Samsung",
  "Motorola",
  "OPPO",
  "LG",
  "Sony",
  "Nokia",
  "OnePlus",
  "Xiaomi",
  "Realme",
  "Vivo",
  "Huawei",
  "Google Pixel",
  "HTC",
  "Asus",
  "Honor",
  "ZTE",
  "Infinix",
  "Tecno",
  "Lenovo",
  "Nothing Phone"
],
  "Other Brand - Tablet": [
  "Samsung",
  "Huawei",
  "Lenovo",
  "Microsoft Surface",
  "Xiaomi Pad",
  "Amazon Fire Tablet",
  "Asus Tablet",
  "Acer Tablet",
  "Sony Xperia Tablet",
  "Dell Venue Tablet",
  "LG Tablet",
  "Toshiba Tablet",
  "Google Pixel Tablet",
  "Chuwi Tablet",
  "Teclast Tablet",
  "Alldocube Tablet",
  "Honor Pad",
  "Realme Pad",
  "ZTE Tablet",
  "Nokia Tablet"
] 

}

